users,api_instances,db_connections,cache_enabled,cpu_usage,memory_usage,latency,failure
83910,2,16,0,1.0,0.993534,853.418,1
32198,4,45,1,0.498728,0.472727,146.4815,0
88796,9,32,0,0.58863,1.0,207.8992,1
4265,1,33,1,0.306489,0.148506,95.2787,0
30595,9,164,1,0.274671,0.469248,70.6143,0
73663,4,193,0,0.988406,0.914261,402.9216,1
28993,8,160,0,0.268792,0.354291,97.8554,0
951,3,188,0,0.115448,0.175355,34.2565,0
44697,5,49,1,0.547638,0.583244,146.4594,0
44218,2,33,0,1.0,0.501362,480.4371,1
12776,6,98,0,0.240376,0.222184,79.2492,0
5795,8,147,1,0.138444,0.123406,45.8119,0
49715,2,151,0,1.0,0.687068,527.5276,1
82497,10,102,1,0.471895,0.968382,149.1024,1
92449,2,21,1,1.0,1.0,673.0097,1
38030,2,69,1,1.0,0.455323,301.6608,1
49923,5,126,0,0.627317,0.556745,227.4343,0
21419,6,100,1,0.265297,0.292091,78.1121,0
87941,5,189,1,1.0,1.0,259.6339,1
79940,3,146,1,1.0,0.96627,411.7102,1
21517,8,107,0,0.255999,0.271371,92.7891,0
83986,9,66,0,0.576775,0.902407,200.4503,0
7431,4,18,0,0.15151,0.224031,51.7781,0
52681,5,26,1,0.657557,0.593151,173.5625,0
74441,6,64,0,0.714649,0.800106,258.2123,0
51956,8,46,0,0.465078,0.716051,143.6196,0
18401,4,200,0,0.353472,0.382387,129.1195,0
98012,10,119,0,0.628564,1.0,227.5424,1
47547,4,45,0,0.694149,0.666072,268.8256,0
12015,1,38,1,0.735118,0.298732,189.7778,0
82340,3,184,0,1.0,0.887343,565.1161,1
78272,2,108,0,1.0,0.893419,813.2714,1
78204,8,145,0,0.596338,0.871088,223.0997,0
72612,1,184,1,1.0,0.825222,1036.9779,1
89453,9,78,0,0.565542,0.971205,233.6055,1
14721,5,121,1,0.267831,0.34196,71.3084,0
59570,1,194,0,1.0,0.67899,1207.0335,1
65712,3,139,1,1.0,0.764687,346.3437,1
82059,5,173,1,0.893076,0.939338,241.6018,0
20132,6,51,1,0.220487,0.333192,75.3721,0
78604,6,135,1,0.756117,0.973241,219.2391,1
14762,6,88,1,0.268129,0.284461,52.3494,0
7692,4,155,1,0.159144,0.241553,41.5603,0
11326,8,27,1,0.121399,0.268147,33.556,0
16928,8,150,1,0.218045,0.249432,52.3769,0
34841,9,165,0,0.245035,0.45483,97.2759,0
27860,9,196,1,0.230892,0.348679,70.6072,0
93547,5,112,0,1.0,1.0,385.5035,1
57522,9,125,1,0.39639,0.730122,107.6771,0
32593,4,26,0,0.522164,0.386963,194.0651,0
2857,10,151,1,0.078507,0.112063,35.8881,0
77228,4,11,1,1.0,0.918336,288.8801,1
92878,1,68,1,1.0,1.0,1324.7202,1
4217,6,28,1,0.129547,0.229004,42.4063,0
36600,8,64,1,0.333601,0.542806,92.3517,0
94911,10,157,0,0.596935,1.0,217.075,1
31950,8,114,1,0.271057,0.509108,85.0894,0
12463,2,178,0,0.443533,0.265585,135.3746,0
46538,7,115,0,0.393231,0.647649,163.9551,0
95661,1,182,1,1.0,1.0,1356.1951,1
8044,7,196,0,0.205974,0.222044,54.8839,0
14422,4,59,1,0.281934,0.232655,75.0578,0
70392,8,45,0,0.536156,0.798504,196.2344,0
24150,5,128,1,0.335783,0.331509,81.8003,0
9980,8,150,1,0.19281,0.203526,38.4098,0
6730,9,13,1,0.165731,0.222038,33.8935,0
98871,4,52,0,1.0,1.0,511.4539,1
63753,8,64,0,0.494758,0.743697,199.2277,0
7785,3,107,1,0.203741,0.216866,62.1445,0
51273,5,126,0,0.567594,0.589958,241.6696,0
55544,9,179,0,0.437449,0.63747,138.7882,0
20389,4,85,1,0.398702,0.342191,102.8528,0
7765,10,198,1,0.179535,0.166792,35.8653,0
98138,6,24,1,0.95919,1.0,246.6294,1
76669,8,138,1,0.617348,0.94293,159.6326,0
7555,9,30,1,0.105344,0.250539,31.0025,0
9081,10,27,1,0.171143,0.179034,27.336,0
53023,2,155,1,1.0,0.639201,392.4424,1
75980,10,20,1,0.473828,0.878673,130.4956,0
55048,10,154,0,0.390069,0.616464,140.3567,0
34279,4,181,0,0.527153,0.515536,190.0123,0
31385,5,111,1,0.430539,0.394688,118.8485,0
88139,5,127,0,0.999471,1.0,376.9401,1
98648,2,12,0,1.0,1.0,998.9491,1
81516,10,35,1,0.490684,0.871596,150.8578,0
70568,4,139,0,1.0,0.783457,381.6993,1
17461,6,27,1,0.216012,0.352867,63.176,0
48534,5,50,0,0.541243,0.630546,206.637,0
71300,5,166,1,0.852428,0.902251,228.0603,0
87638,9,86,1,0.561337,1.0,147.5059,1
17701,5,39,1,0.238103,0.272634,61.7295,0
97410,9,49,0,0.67853,1.0,250.7102,1
37030,10,63,0,0.300867,0.453975,92.4064,0
26785,5,139,0,0.378649,0.436541,135.8952,0
33014,1,33,0,1.0,0.5001,682.5915,1
36365,1,10,0,1.0,0.541111,757.2098,1
17246,5,51,0,0.268412,0.311057,85.1031,0
72409,7,153,1,0.610891,0.899011,169.3648,0
14763,2,186,1,0.420756,0.3198,117.9784,0
71611,1,104,1,1.0,0.852897,1035.5959,1
56433,3,20,0,1.0,0.680893,400.0652,1
47895,1,101,1,1.0,0.623319,688.0727,1
89499,4,180,1,1.0,1.0,338.9787,1
46457,9,114,1,0.331212,0.629058,82.5975,0
31129,3,55,0,0.60013,0.376643,220.108,0
3348,3,198,0,0.106888,0.161928,34.4818,0
54064,4,78,1,0.73721,0.655512,219.6219,0
92017,2,107,1,1.0,1.0,670.8605,1
61794,4,61,0,0.914866,0.789482,348.7153,0
45930,5,68,1,0.545026,0.642095,148.2279,0
3201,4,112,0,0.118308,0.145841,26.6955,0
36617,2,81,0,1.0,0.429445,394.5478,1
84180,9,112,0,0.523557,0.955882,204.6477,1
3717,2,76,1,0.237445,0.131939,46.7123,0
76199,5,19,1,0.842688,0.830732,242.6814,0
78293,7,98,0,0.639503,0.873595,243.0724,0
57299,10,140,1,0.371799,0.742012,96.7108,0
50588,10,58,0,0.315327,0.605471,128.2735,0
5917,7,10,1,0.12051,0.125613,32.5533,0
47839,7,27,0,0.48778,0.662771,160.0212,0
81778,6,179,1,0.774778,0.893808,220.9484,0
94439,5,139,0,1.0,1.0,406.5318,1
87510,7,93,0,0.685274,0.972321,268.691,1
91484,5,151,1,1.0,1.0,281.4893,1
25244,7,180,0,0.274074,0.385224,96.5784,0
88877,3,167,0,1.0,1.0,626.4207,1
53325,9,10,0,0.384906,0.643646,156.2877,0
37706,4,120,0,0.523384,0.541936,203.5989,0
61046,8,123,1,0.450559,0.712931,135.5464,0
67100,8,198,1,0.501376,0.798649,142.8058,0
86456,2,82,0,1.0,1.0,882.6712,1
12340,4,182,0,0.267555,0.256828,80.7978,0
29544,4,47,1,0.491739,0.346799,142.9945,0
6157,4,131,1,0.214329,0.120664,52.8871,0
59792,7,171,1,0.490124,0.796505,143.1575,0
94255,7,136,0,0.797829,1.0,298.9318,1
32079,3,177,1,0.587529,0.490653,167.6871,0
98530,2,118,1,1.0,1.0,714.7622,1
23153,9,128,1,0.183234,0.306566,57.4593,0
73160,4,41,0,1.0,0.886574,379.8605,1
17577,8,180,0,0.242091,0.279684,83.67,0
99092,8,166,0,0.706449,1.0,268.5139,1
71910,8,50,0,0.507504,0.908167,207.5144,0
59091,5,73,0,0.716591,0.664014,260.9374,0
68427,8,170,1,0.50618,0.775023,141.5906,0
36092,8,29,0,0.338178,0.479536,121.1799,0
30835,5,95,0,0.4572,0.446849,157.321,0
70898,2,45,1,1.0,0.904638,516.731,1
30411,7,187,1,0.35098,0.45873,71.4038,0
92691,4,26,0,1.0,1.0,500.3428,1
53524,6,148,0,0.529747,0.694154,213.2431,0
54596,1,62,0,1.0,0.691608,1113.3617,1
51149,10,188,1,0.397842,0.640115,88.8619,0
75556,7,132,1,0.632506,0.893628,172.4002,0
46205,5,109,0,0.544888,0.606467,204.3959,0
70645,9,164,1,0.491247,0.76904,129.445,0
64093,4,79,0,0.862537,0.763229,340.3023,0
63754,1,109,0,1.0,0.692096,1314.774,1
87770,7,195,1,0.698032,0.929221,203.0724,0
61361,3,169,1,1.0,0.749314,323.7524,1
51745,10,154,1,0.314542,0.638618,107.4995,0
11103,7,44,0,0.153103,0.180794,43.4645,0
23919,1,76,0,1.0,0.403665,501.1836,1
43006,4,126,0,0.622416,0.627617,232.4879,0
44336,7,81,0,0.446682,0.614554,150.2647,0
33165,2,130,1,0.957576,0.430662,269.227,1
98276,9,23,0,0.670563,1.0,253.5793,1
29489,2,176,1,0.854682,0.474775,227.0068,0
98958,1,73,1,1.0,1.0,1408.4721,1
2771,10,49,1,0.095048,0.198863,24.4443,0
16644,8,181,1,0.195824,0.301712,41.766,0
74020,4,129,0,1.0,0.881873,381.507,1
48451,3,165,1,0.866921,0.578581,248.9982,0
21565,5,37,1,0.345799,0.385754,92.591,0
40988,10,183,0,0.328011,0.536698,94.5988,0
52090,4,29,1,0.736193,0.682624,193.0924,0
13456,5,185,1,0.208714,0.187057,57.4647,0
74277,1,98,0,1.0,0.864629,1500.8366,1
86806,6,27,0,0.828005,0.93567,323.0253,0
1758,7,135,1,0.146058,0.129576,40.0905,0
56922,6,172,0,0.590789,0.703142,218.8442,0
92808,3,121,1,1.0,0.998884,470.0704,1
96280,9,176,0,0.607579,1.0,235.4442,1
80828,9,133,0,0.55408,0.950843,200.4361,1
57191,10,78,0,0.435075,0.749078,135.9205,0
32277,2,81,0,0.890703,0.505848,360.9673,0
32063,8,155,0,0.286314,0.390213,106.2186,0
44192,1,136,0,1.0,0.558247,911.9142,1
23934,8,64,0,0.200995,0.374182,90.2754,0
33962,6,81,0,0.388184,0.389882,140.2548,0
72948,1,142,1,1.0,0.882117,1046.744,1
11321,4,194,0,0.229154,0.195597,80.2783,0
64138,9,71,0,0.502189,0.713956,171.1247,0
84759,8,124,1,0.632144,0.911239,165.6326,0
12296,5,66,0,0.198848,0.18632,61.9905,0
90773,4,88,0,1.0,1.0,484.0181,1
62131,9,145,0,0.444009,0.74866,161.6918,0
55871,9,94,0,0.363687,0.619544,137.9036,0
92224,8,79,0,0.707805,1.0,269.3861,1
33051,4,40,1,0.532249,0.414423,143.1509,0
41459,2,200,1,1.0,0.506418,312.5955,1
25205,4,199,0,0.444624,0.33305,136.9357,0
36341,10,144,0,0.321088,0.464335,100.8877,0
13276,4,85,1,0.313193,0.2121,64.384,0
47401,3,87,1,0.873604,0.565938,246.0777,0
92901,9,42,0,0.568273,1.0,246.3925,1
6065,1,151,0,0.374556,0.170137,142.5524,0
91511,3,173,0,1.0,1.0,645.9416,1
13546,1,156,0,0.822083,0.224962,284.4472,0
61624,8,122,0,0.495885,0.675556,176.4887,0
24264,1,74,0,1.0,0.416619,507.4106,1
15053,2,112,0,0.509709,0.289374,182.8983,0
9810,10,171,1,0.165647,0.265896,45.7853,0
19987,3,154,0,0.463606,0.308281,148.4983,0
11264,4,40,0,0.214036,0.284989,69.8077,0
79571,10,168,1,0.524127,0.852872,121.8592,0
68594,7,125,0,0.613354,0.845113,229.5669,0
39074,10,119,0,0.282297,0.543397,110.2378,0
74631,10,25,1,0.446191,0.814657,116.3022,0
27335,4,77,1,0.422195,0.439685,112.4801,0
20685,4,54,1,0.391991,0.354443,111.0065,0
20617,1,114,0,1.0,0.401918,445.6653,1
90457,10,130,0,0.506959,0.995573,194.3754,1
4378,4,83,0,0.13791,0.181377,60.9801,0
92241,8,28,1,0.712325,1.0,188.9199,1
34775,10,179,1,0.274058,0.400577,67.1416,0
55823,2,149,1,1.0,0.684484,422.2824,1
84986,3,78,1,1.0,1.0,434.1351,1
9459,1,52,0,0.552734,0.164535,205.8683,0
78093,10,83,0,0.475669,0.902984,179.2295,0
16399,8,186,0,0.213155,0.322007,51.3097,0
91815,7,79,0,0.718755,1.0,287.3403,1
57477,2,163,1,1.0,0.737531,423.8385,1
56726,6,164,0,0.586767,0.661428,214.3939,0
3490,2,68,1,0.221154,0.194751,35.033,0
88217,5,157,1,1.0,1.0,283.773,1
99225,3,130,0,1.0,1.0,680.5414,1
36558,3,159,0,0.757109,0.467389,270.3514,0
83302,8,33,0,0.592119,0.959225,241.1454,1
45707,7,95,0,0.408193,0.519254,158.4232,0
87935,2,51,0,1.0,0.934022,894.0425,1
54055,8,83,0,0.422551,0.615157,174.0382,0
99780,9,19,0,0.672849,1.0,252.2146,1
11642,6,74,0,0.178857,0.169854,49.1988,0
15294,7,141,1,0.173488,0.257954,56.3784,0
86300,9,128,0,0.60456,1.0,226.9338,1
7204,4,142,0,0.200226,0.229286,74.7554,0
81709,8,170,0,0.654744,0.960979,235.1391,1
99713,1,62,0,1.0,1.0,2020.2952,1
72087,3,83,0,1.0,0.915567,499.3066,1
91621,8,41,1,0.65665,1.0,185.7274,1
82678,10,71,1,0.523005,0.933711,125.9591,0
40830,9,13,0,0.334622,0.577924,113.909,0
12317,4,39,0,0.216246,0.185699,73.0877,0
15496,3,137,0,0.394383,0.298052,137.2726,0
66798,5,116,0,0.800505,0.722037,293.6067,0
61994,4,126,1,0.841004,0.713149,232.4246,0
50377,4,163,1,0.731526,0.602503,188.8944,0
9250,5,116,0,0.222933,0.269217,63.4137,0
66650,5,10,0,0.805113,0.796813,281.4816,0
95264,5,160,0,1.0,1.0,402.5277,1
19576,8,147,0,0.18185,0.371207,67.2228,0
45336,6,151,0,0.52535,0.53751,169.4016,0
59782,6,58,1,0.611265,0.752789,177.4054,0
75046,7,69,0,0.615845,0.816699,249.0272,0
5820,6,200,0,0.133814,0.124641,38.418,0
92535,7,108,1,0.745414,0.980502,224.7299,1
65023,1,42,0,1.0,0.784405,1323.9454,1
13254,8,35,0,0.136248,0.264183,53.3599,0
2111,3,114,1,0.166023,0.094638,28.4819,0
9907,8,77,0,0.187506,0.297559,50.8108,0
81791,7,176,1,0.666936,0.97092,202.6413,1
43165,9,107,0,0.29275,0.511357,109.8185,0
82255,8,148,1,0.621568,0.998453,164.0099,1
81031,2,70,0,1.0,0.862615,822.9736,1
29917,2,121,1,0.819389,0.474954,237.6357,0
99763,2,123,1,1.0,1.0,734.6052,1
91064,5,17,1,1.0,1.0,291.4762,1
42616,1,85,0,1.0,0.518036,887.3207,1
49231,7,47,1,0.427068,0.656516,110.8074,0
69721,7,154,1,0.568387,0.813224,165.0242,0
22380,3,30,0,0.45169,0.286017,161.7469,0
81326,4,137,1,1.0,0.908274,305.0342,1
30533,8,173,0,0.317406,0.458218,99.6547,0
60336,5,180,1,0.678419,0.722128,204.2589,0
61081,5,183,1,0.72169,0.70095,190.9785,0
9781,8,98,0,0.184057,0.283142,43.7505,0
83846,7,186,0,0.691867,0.923908,266.413,0
59978,5,60,0,0.70364,0.764307,276.4469,0
63435,2,70,0,1.0,0.823298,659.73,1
75063,6,157,0,0.68538,0.920076,261.7105,0
91755,5,15,0,0.97808,1.0,397.9522,1
36076,1,154,1,1.0,0.450042,537.216,1
79582,8,83,1,0.592149,0.848595,171.2002,0
79669,6,66,1,0.779942,0.902246,208.4313,0
81481,5,183,1,0.878275,0.985948,245.4981,1
82445,2,170,1,1.0,0.992655,598.53,1
40592,8,18,0,0.365791,0.534164,126.3286,0
96091,3,33,0,1.0,1.0,652.917,1
42923,7,54,1,0.40689,0.559548,96.3662,0
17422,9,103,0,0.147051,0.370639,58.6142,0
21667,5,133,0,0.277907,0.281308,109.9351,0
97953,6,39,0,0.954035,1.0,351.3709,1
9969,3,67,0,0.290678,0.251752,98.643,0
73148,6,33,0,0.748636,0.836069,268.7005,0
1924,5,147,1,0.142722,0.181222,40.2016,0
59709,6,182,0,0.555634,0.748701,232.1404,0
76719,7,173,0,0.660495,0.906719,238.3995,0
14301,4,130,1,0.264337,0.227233,60.2835,0
81305,9,93,1,0.508451,0.873642,166.3938,0
84989,2,172,0,1.0,1.0,873.8206,1
91991,5,176,0,1.0,1.0,379.3752,1
15392,3,21,1,0.366982,0.21752,84.2833,0
39993,8,39,1,0.326449,0.582398,102.909,0
30875,9,44,0,0.23558,0.401493,89.4931,0
59559,6,181,0,0.568838,0.695312,220.0702,0
77083,3,116,1,1.0,0.96433,375.7318,1
64239,10,114,0,0.43928,0.722242,167.6639,0
4388,6,65,0,0.17136,0.193812,46.957,0
58387,4,102,1,0.812792,0.641514,233.8611,0
89973,6,149,0,0.801796,1.0,339.3149,1
8036,7,80,1,0.187554,0.160197,28.8384,0
16111,8,33,1,0.221946,0.347104,59.1873,0
84209,10,15,1,0.51931,0.938427,146.2359,0
43813,4,42,1,0.632739,0.511328,177.4659,0
9092,9,63,1,0.156393,0.242992,44.9556,0
30639,6,47,1,0.337205,0.427802,103.9627,0
36442,3,43,0,0.749577,0.522414,268.1137,0
22971,2,179,1,0.62624,0.347958,185.5991,0
17375,1,101,1,0.973853,0.305362,267.0261,1
77282,6,14,1,0.736108,0.902586,199.8789,0
34882,1,42,0,1.0,0.450893,734.2719,1
69055,2,200,1,1.0,0.8492,496.4901,1
62522,8,102,1,0.522363,0.803645,120.6992,0
59345,9,66,1,0.453325,0.757112,113.0101,0
95421,9,87,0,0.607769,1.0,249.2745,1
84423,1,25,0,1.0,1.0,1703.8922,1
52740,7,185,1,0.503551,0.619861,132.4375,0
64360,8,28,1,0.477784,0.751862,141.6798,0
42319,10,47,1,0.278144,0.519318,80.8931,0
16640,5,169,0,0.25532,0.274829,83.9044,0
50025,10,145,0,0.312345,0.662043,125.0131,0
59569,9,164,0,0.461972,0.676741,172.1374,0
13099,2,177,1,0.38577,0.184508,130.7037,0
56470,8,68,0,0.436701,0.69067,163.1134,0
44524,8,112,0,0.349908,0.635679,149.4306,0
95731,2,90,0,1.0,1.0,979.0107,1
41063,5,105,1,0.536024,0.551575,138.8663,0
90123,8,27,1,0.621747,1.0,187.5592,1
11288,2,120,1,0.363657,0.273809,106.3557,0
97694,6,43,1,0.872259,1.0,239.8564,1
76969,9,153,0,0.544719,0.858702,205.2078,0
87919,2,115,0,1.0,1.0,900.2595,1
87307,7,194,1,0.702115,0.979696,202.3113,1
37800,10,89,0,0.271992,0.459991,98.7062,0
13679,10,139,1,0.137812,0.282314,46.468,0
20380,8,67,1,0.184927,0.353499,67.4471,0
45990,9,104,1,0.323889,0.603497,102.0153,0
36612,10,67,0,0.261627,0.529161,84.705,0
73626,10,167,1,0.438574,0.834073,121.9097,0
79922,5,17,1,0.935133,0.90556,251.2833,0
35918,5,96,0,0.428188,0.522815,170.4847,0
900,3,46,0,0.115294,0.14566,29.7211,0
9220,3,199,1,0.26033,0.163135,73.7199,0
12126,9,65,0,0.123398,0.208743,49.429,0
55128,8,97,1,0.404087,0.642624,118.4089,0
48603,5,194,0,0.604934,0.593228,228.7072,0
74495,10,31,1,0.481274,0.907538,129.6206,0
20492,3,168,1,0.426989,0.37358,132.3553,0
88438,2,79,0,1.0,0.941431,922.3383,1
86861,7,134,0,0.719982,1.0,271.7911,1
54387,5,65,1,0.636556,0.672604,182.0474,0
45342,7,38,0,0.439204,0.603546,166.272,0
88995,10,134,0,0.548187,1.0,191.8043,1
6052,4,111,1,0.136701,0.118366,48.0309,0
1107,4,87,1,0.102084,0.085978,43.5791,0
18087,5,84,0,0.302512,0.327563,87.4316,0
15826,1,137,0,0.843157,0.223001,349.9617,0
23128,3,107,1,0.453785,0.314879,139.9936,0
65670,9,181,0,0.458858,0.758644,178.0613,0
9547,7,199,1,0.155082,0.286696,32.7083,0
57276,1,127,1,1.0,0.686158,820.9069,1
41133,10,119,0,0.257212,0.493701,105.7601,0
93095,7,84,1,0.784645,1.0,208.1269,1
53188,1,93,1,1.0,0.638402,767.1675,1
81118,8,186,0,0.583559,0.927543,213.0332,0
11651,7,37,1,0.204435,0.255261,53.9387,0
57204,10,112,1,0.396134,0.722348,117.2567,0
51973,5,200,0,0.63294,0.631961,238.2168,0
29141,6,53,1,0.315485,0.4435,100.3626,0
67010,2,145,1,1.0,0.84548,500.2913,1
45893,6,196,1,0.509142,0.654227,131.2312,0
31068,2,47,0,0.833463,0.421629,334.8961,0
25956,3,164,1,0.564632,0.325374,139.7231,0
99742,2,55,0,1.0,1.0,1025.2074,1
60911,10,158,0,0.409903,0.741237,145.6071,0
89377,10,174,0,0.574207,1.0,202.7887,1
82310,6,48,0,0.765742,1.0,296.2756,1
9050,8,123,0,0.140681,0.274095,38.4266,0
36102,10,24,0,0.260598,0.502182,107.0344,0
66597,2,89,0,1.0,0.810834,676.8473,1
59333,1,24,0,1.0,0.730862,1207.6038,1
37727,2,175,1,1.0,0.47741,302.1312,1
80710,10,139,0,0.478019,0.919968,194.89,0
60748,10,151,1,0.439799,0.700894,115.9531,0
59047,10,176,1,0.38281,0.68549,109.5828,0
42243,10,131,1,0.339064,0.492497,77.3563,0
8209,8,36,0,0.146503,0.16951,35.2729,0
93726,2,139,1,1.0,1.0,672.2646,1
5230,4,191,0,0.169849,0.185193,57.1364,0
57695,9,143,1,0.469318,0.698807,125.3414,0
47796,6,82,0,0.542183,0.652644,172.7711,0
53678,6,183,1,0.555781,0.669132,155.13,0
82791,6,26,0,0.798144,0.937475,298.3892,0
12487,9,183,0,0.196156,0.253296,49.6864,0
37343,5,195,1,0.48679,0.505801,138.7812,0
43794,2,159,1,1.0,0.529375,342.5947,1
45951,5,177,0,0.525532,0.531431,203.4232,0
17001,10,191,1,0.182037,0.348849,44.5409,0
40677,9,106,0,0.313879,0.577858,111.018,0
16850,9,33,0,0.15513,0.261678,53.3042,0
66748,6,14,0,0.697144,0.802872,249.0667,0
40583,3,64,0,0.748038,0.585909,284.2401,0
63836,4,67,1,0.929141,0.730049,257.7551,0
20408,2,85,1,0.607292,0.326503,156.4118,0
66643,9,199,1,0.483986,0.860889,127.5255,0
86860,6,168,1,0.826811,1.0,215.3657,1
78382,7,49,1,0.676535,0.893183,194.5977,0
23803,10,52,0,0.199154,0.298573,86.9434,0
5826,7,103,1,0.166711,0.243854,31.8567,0
58322,10,82,0,0.441043,0.759297,134.2172,0
30771,9,71,0,0.31332,0.424769,84.5745,0
61574,4,104,0,0.904407,0.784724,336.8273,0
60613,5,107,0,0.668426,0.803417,279.3106,0
21341,4,164,1,0.408246,0.412216,94.5895,0
32868,1,174,0,1.0,0.420521,690.1205,1
48755,9,36,1,0.382834,0.602773,102.1284,0
37463,2,51,0,1.0,0.513376,398.8346,1
58993,9,47,0,0.394413,0.709409,169.379,0
12121,4,125,0,0.258125,0.251121,100.0691,0
3595,7,23,0,0.148366,0.208875,33.5904,0
65899,6,70,0,0.667802,0.829052,257.4797,0
10796,6,67,1,0.193422,0.163012,45.5191,0
41870,2,192,0,1.0,0.476862,437.5786,1
19242,3,19,0,0.409272,0.24455,150.6505,0
62025,3,190,0,1.0,0.778629,453.1063,1
58899,10,11,1,0.416347,0.779823,100.6989,0
2590,5,65,1,0.167602,0.218688,25.9211,0
72032,10,145,0,0.443116,0.901619,179.0284,0
14673,5,70,0,0.266373,0.328625,82.1286,0
16070,1,71,0,0.950731,0.245545,352.1569,1
83848,10,127,1,0.472824,0.888921,129.4373,0
14630,8,162,1,0.195082,0.31446,61.2801,0
82931,9,157,1,0.569908,0.934104,166.49,0
94281,3,84,0,1.0,1.0,667.5763,1
305,10,100,1,0.075964,0.109794,36.577,0
74898,7,57,1,0.642667,0.933382,160.3406,0
68714,6,27,1,0.704199,0.83712,189.4046,0
51277,8,21,0,0.384803,0.613175,165.6827,0
49029,5,14,0,0.58043,0.677142,216.6959,0
8955,6,71,1,0.186555,0.240435,36.3085,0
76371,6,44,1,0.770377,0.835049,193.0032,0
46276,9,96,1,0.327149,0.571343,82.67,0
89842,8,188,0,0.611523,1.0,255.382,1
82902,3,44,1,1.0,0.882889,411.2978,1
93953,8,19,0,0.709497,1.0,252.334,1
26522,1,61,1,1.0,0.3219,406.4479,1
41465,5,141,0,0.531373,0.500333,188.9868,0
71276,8,74,1,0.510794,0.892542,164.2908,0
98835,4,83,0,1.0,1.0,511.1193,1
6365,6,79,1,0.155941,0.247274,29.7735,0
48337,7,112,0,0.454614,0.602414,154.8901,0
50778,6,57,0,0.56857,0.596854,204.7325,0
90810,8,104,0,0.672457,1.0,261.4137,1
10928,7,30,0,0.174321,0.283914,47.8503,0
79064,3,149,0,1.0,0.971931,549.3069,1
42201,2,30,0,1.0,0.578405,448.889,1
86728,5,88,0,0.980544,0.965072,368.5249,1
79086,7,52,0,0.6876,0.873652,240.0905,0
46177,8,20,0,0.428412,0.549258,130.4276,0
80689,7,80,1,0.68333,0.884099,178.8219,0
9935,7,103,1,0.144531,0.227025,54.2783,0
4181,3,165,0,0.189739,0.121076,51.6028,0
4661,3,27,1,0.139147,0.146106,54.0221,0
84662,6,102,0,0.836888,0.968704,309.5638,1
74449,1,164,1,1.0,0.819099,1080.2343,1
89106,8,104,0,0.633747,1.0,237.8946,1
58288,2,156,1,1.0,0.67731,428.4773,1
69497,6,111,0,0.646995,0.892047,270.2387,0
85239,5,73,1,0.923541,0.978888,260.8775,1
3496,3,137,0,0.109333,0.230091,57.2731,0
73719,2,77,0,1.0,0.874806,747.5123,1
92379,8,64,0,0.663303,1.0,245.8703,1
91061,8,61,1,0.636989,1.0,191.7045,1
17890,2,125,1,0.590929,0.252362,146.8276,0
93602,8,32,0,0.652093,1.0,255.388,1
87635,6,191,1,0.796586,1.0,217.2407,1
72189,9,84,0,0.484602,0.850081,181.6371,0
20744,3,102,1,0.41346,0.341355,134.0184,0
16007,4,45,1,0.332781,0.316624,88.4531,0
64852,1,102,0,1.0,0.815413,1324.1953,1
61363,9,43,1,0.458956,0.776187,125.5202,0
8717,5,111,0,0.227732,0.168394,52.8689,0
69003,7,114,1,0.607459,0.826029,165.659,0
16526,6,174,1,0.217425,0.226653,55.5838,0
59079,8,184,0,0.512891,0.735053,179.4808,0
16921,9,173,1,0.211601,0.266212,38.7747,0
17012,7,138,1,0.229176,0.311453,56.1185,0
16374,9,49,0,0.173716,0.362928,61.5959,0
21681,3,92,1,0.465528,0.27781,118.4159,0
45453,9,82,1,0.329289,0.528549,99.8173,0
32947,4,172,0,0.513336,0.48998,201.1365,0
16506,5,167,1,0.261747,0.228292,66.3488,0
65973,3,161,1,1.0,0.718128,337.6987,1
22539,10,194,0,0.247098,0.415099,72.0795,0
73974,1,17,1,1.0,0.801517,1059.8287,1
6058,10,77,1,0.141771,0.120782,31.1189,0
75091,7,168,1,0.662472,0.835569,165.2894,0
65378,9,84,0,0.423187,0.801656,167.3793,0
63400,4,185,0,0.895964,0.741697,356.141,0
39085,8,28,1,0.35273,0.446819,86.2204,0
20819,8,116,0,0.279587,0.38057,87.0827,0
60975,4,97,1,0.857742,0.766601,249.4951,0
41070,6,197,0,0.488174,0.571896,172.234,0
52360,3,104,1,0.923063,0.712036,267.6262,0
41927,4,129,1,0.609086,0.616374,169.8955,0
35158,8,73,1,0.287426,0.419634,80.5379,0
12789,1,84,0,0.705,0.18704,288.5194,0
80758,7,73,1,0.704591,0.900433,191.4189,0
43017,10,194,0,0.355373,0.480369,109.4123,0
24981,3,137,0,0.522824,0.348799,191.4426,0
65473,5,137,1,0.758166,0.719472,210.0784,0
11902,7,139,0,0.204341,0.247573,56.4345,0
31652,4,159,0,0.451959,0.395106,170.7521,0
6477,1,82,0,0.430477,0.187094,149.8518,0
78417,8,83,1,0.571948,0.919781,175.5733,0
14189,7,44,0,0.229155,0.20372,70.604,0
95455,6,113,0,0.859767,1.0,343.3782,1
6030,7,23,1,0.105988,0.217864,33.2459,0
47616,9,83,1,0.341857,0.633205,85.8883,0
50739,9,125,0,0.400584,0.568907,131.2017,0
81789,10,40,1,0.503891,0.924746,125.1699,0
12772,7,105,0,0.202663,0.284676,49.7145,0
73216,6,46,1,0.758595,0.86768,198.8709,0
79066,9,112,1,0.547566,0.932143,158.4024,0
6038,1,45,0,0.36739,0.18314,151.4635,0
62194,9,126,1,0.462271,0.723304,132.0543,0
79563,9,45,0,0.512655,0.973282,201.0757,1
80456,6,51,0,0.725794,0.975418,285.8413,1
80905,5,161,0,0.92839,1.0,342.671,1
66594,9,146,0,0.4521,0.805354,168.776,0
92995,10,86,0,0.54861,1.0,201.3016,1
2280,6,94,1,0.164945,0.128029,16.9556,0
54696,10,88,1,0.371414,0.62927,102.618,0
78338,8,77,1,0.560296,0.960889,152.7797,1
94655,1,159,0,1.0,1.0,1911.1358,1
22449,9,171,0,0.193604,0.386477,74.3388,0
19469,4,18,1,0.356272,0.30965,79.1418,0
25106,1,122,0,1.0,0.416006,539.3545,1
54990,3,115,1,1.0,0.681015,283.875,1
53888,9,166,0,0.380047,0.654462,141.8649,0
96547,1,190,1,1.0,1.0,1375.8282,1
68084,4,153,0,0.902859,0.855225,364.2607,0
86899,8,144,0,0.646636,0.93579,234.9093,0
41224,3,127,0,0.814608,0.511385,302.4439,0
71701,6,183,0,0.690326,0.916326,252.6511,0
80063,8,59,1,0.578825,0.919599,158.6784,0
36669,9,86,1,0.331034,0.421369,88.4452,0
39108,5,190,1,0.477596,0.465856,127.0684,0
90571,8,91,0,0.691308,1.0,261.7837,1
45818,9,194,0,0.335166,0.581766,135.144,0
37821,2,156,0,1.0,0.477056,413.5138,1
51812,6,47,0,0.489635,0.593615,209.9815,0
5613,5,192,1,0.111426,0.196448,34.6951,0
45498,8,177,0,0.409441,0.64464,135.9364,0
98055,8,64,1,0.736058,1.0,185.1687,1
70692,5,153,0,0.775329,0.864631,316.9731,0
18092,2,167,1,0.554624,0.334755,143.6165,0
31879,1,181,1,1.0,0.487988,459.5717,1
83716,4,23,1,1.0,0.906973,322.7795,1
54272,6,193,0,0.576285,0.731212,218.3973,0
13278,3,11,1,0.315953,0.296109,78.8991,0
53434,8,132,1,0.392984,0.618392,114.9219,0
99178,5,92,0,1.0,1.0,410.6979,1
84759,1,32,1,1.0,0.999919,1201.3995,1
70243,1,54,0,1.0,0.859563,1434.0333,1
23140,1,111,0,1.0,0.299968,479.8275,1
24520,5,19,1,0.307585,0.318038,79.0874,0
39210,10,164,1,0.340694,0.546234,82.7878,0
44014,5,126,0,0.543951,0.567384,188.2459,0
17689,9,129,0,0.240539,0.266688,65.0708,0
25372,2,94,1,0.724545,0.44202,206.9784,0
95929,8,175,0,0.73221,1.0,258.1967,1
94288,3,13,0,1.0,1.0,662.5365,1
38769,10,182,1,0.251954,0.50316,84.2657,0
23102,10,173,0,0.238403,0.40206,63.8356,0
56159,9,93,1,0.432078,0.682833,126.8419,0
52638,2,57,1,1.0,0.657844,401.991,1
62680,6,73,1,0.626651,0.693671,177.832,0
34281,7,70,0,0.344555,0.399675,133.3842,0
98896,5,94,0,1.0,1.0,429.7478,1
76444,10,12,0,0.448699,0.936127,169.1229,0
85779,6,187,1,0.855424,0.913006,222.5712,0
8242,2,129,0,0.293895,0.14573,119.6918,0
21034,7,185,0,0.226814,0.35024,98.1153,0
90577,2,173,0,1.0,1.0,942.4859,1
48274,10,66,1,0.329077,0.631224,88.4419,0
17607,8,49,0,0.244767,0.245706,58.0948,0
98107,10,105,0,0.605821,1.0,208.7626,1
92104,9,130,1,0.592694,0.995785,163.5374,1
99958,4,184,1,1.0,1.0,381.3409,1
68979,8,145,0,0.493867,0.754023,186.0008,0
10337,10,38,1,0.162384,0.172759,46.7584,0
71881,9,61,1,0.536983,0.794935,146.537,0
21666,6,143,0,0.284846,0.321415,100.1303,0
15335,4,193,0,0.266078,0.325611,97.3907,0
12019,9,124,1,0.11795,0.270554,39.3741,0
59532,3,141,0,1.0,0.781267,435.8326,1
59973,10,24,0,0.366427,0.681865,147.4111,0
88281,5,195,1,1.0,1.0,270.8313,1
51997,5,10,1,0.66324,0.691882,168.2325,0
75900,2,21,0,1.0,0.86041,780.6724,1
45258,2,148,1,1.0,0.530943,354.1917,1
9146,8,18,0,0.196823,0.208893,46.632,0
53691,3,44,0,0.99542,0.672515,389.3414,1
49181,7,124,0,0.410816,0.549574,177.5576,0
49336,2,184,1,1.0,0.618435,385.2344,1
85760,6,40,1,0.799051,0.982071,233.5741,1
70519,7,145,1,0.598073,0.881143,179.008,0
95501,4,10,1,1.0,1.0,353.4318,1
39207,8,182,0,0.359454,0.591746,124.3581,0
69821,7,68,1,0.588621,0.833903,159.2579,0
60475,6,49,0,0.640489,0.750803,217.3255,0
24804,2,18,0,0.758574,0.306586,287.5402,0
80699,1,71,1,1.0,0.918148,1157.2961,1
8919,2,162,1,0.335691,0.172209,98.0006,0
58615,10,182,1,0.439258,0.72334,116.8143,0
32177,1,112,0,1.0,0.474607,662.6372,1
30815,9,65,1,0.299849,0.394188,72.0962,0
18467,9,84,1,0.162683,0.338232,49.6389,0
95981,10,91,0,0.574875,1.0,210.9382,1
31151,5,46,1,0.385836,0.42258,116.0811,0
54306,5,80,1,0.637123,0.735985,174.8133,0
73070,10,198,1,0.491372,0.908127,129.8215,0
82150,7,152,0,0.646984,0.955745,255.0994,1
6245,6,174,0,0.161752,0.160923,34.5854,0
68842,6,188,0,0.687338,0.846144,254.7558,0
53611,3,86,0,0.968334,0.724691,385.8205,1
24201,9,131,1,0.18712,0.388611,53.8196,0
29636,5,191,1,0.410362,0.432022,102.5412,0
60789,1,153,0,1.0,0.679991,1232.1462,1
54692,9,145,1,0.420079,0.70911,104.5273,0
51010,4,75,1,0.771638,0.625119,209.9052,0
43388,2,125,0,1.0,0.526361,452.4562,1
12219,9,195,1,0.155744,0.266247,50.3471,0
6855,5,106,1,0.201032,0.197311,34.7576,0
9639,4,160,1,0.254965,0.195625,63.9082,0
62935,4,95,0,0.903543,0.687962,345.0149,0
2109,4,58,1,0.079994,0.194425,47.2878,0
97994,8,72,1,0.75687,1.0,185.5431,1
52087,4,151,0,0.702102,0.643276,284.964,0
37201,7,129,0,0.392326,0.483238,139.4764,0
40525,5,102,0,0.511441,0.576647,187.9638,0
61180,2,194,0,1.0,0.699887,622.0408,1
99928,6,62,0,0.888139,1.0,355.8402,1
41115,7,21,1,0.41731,0.486503,104.625,0
97257,3,14,0,1.0,1.0,681.1081,1
72623,10,158,0,0.479461,0.826897,183.5299,0
38791,3,60,0,0.755767,0.553367,295.6963,0
30249,7,155,1,0.301612,0.499154,85.9305,0
65544,9,177,0,0.463031,0.806144,169.5148,0
33828,8,195,0,0.298785,0.491498,103.8876,0
60501,3,197,0,1.0,0.711076,437.2069,1
22285,3,194,0,0.458908,0.326936,184.3607,0
24223,9,174,1,0.263686,0.422781,61.7105,0
68774,1,29,1,1.0,0.853739,981.3366,1
936,7,45,1,0.125835,0.144381,23.5895,0
9008,3,12,1,0.242069,0.225663,78.5077,0
66387,8,105,1,0.479324,0.747635,145.6602,0
81080,10,133,0,0.510031,0.919172,187.4624,0
2161,1,146,0,0.198179,0.073331,70.2318,0
1653,1,145,0,0.196315,0.075113,59.6599,0
70320,5,14,0,0.779149,0.767815,300.3019,0
23596,2,34,1,0.706356,0.346603,188.8337,0
31684,4,168,0,0.466561,0.407987,173.9051,0
46557,5,111,1,0.551688,0.580074,148.5643,0
48996,7,127,1,0.457672,0.642469,125.4046,0
91488,4,86,1,1.0,1.0,359.7695,1
85786,1,33,0,1.0,0.96278,1726.3263,1
49810,7,151,0,0.503682,0.670896,167.7068,0
7455,1,189,1,0.451044,0.228391,135.6993,0
10937,8,121,0,0.20884,0.186764,65.8078,0
74267,2,145,1,1.0,0.813573,541.0864,1
30215,4,187,0,0.468739,0.394096,173.2686,0
35632,1,29,0,1.0,0.552389,747.3147,1
71276,10,178,1,0.460058,0.795923,124.325,0
23608,6,14,1,0.260947,0.411324,75.3194,0
77043,3,192,0,1.0,0.968061,528.2385,1
10184,5,51,1,0.156161,0.266632,68.0101,0
74377,7,183,0,0.603443,0.8769,235.9365,0
50411,3,186,1,0.933724,0.691348,270.1287,0
65739,6,23,1,0.644644,0.7179,187.0538,0
57390,4,29,0,0.778579,0.708209,300.8614,0
79420,10,162,0,0.453935,0.89131,184.1945,0
42878,1,172,0,1.0,0.581956,889.5721,1
59154,8,68,0,0.492536,0.695211,170.7209,0
72587,7,120,1,0.606532,0.920954,155.9271,0
89188,10,179,0,0.551051,1.0,190.0623,1
11332,10,85,1,0.143763,0.284172,26.8885,0
93568,2,31,0,1.0,1.0,955.6648,1
20314,7,192,1,0.220305,0.287194,77.9509,0
97048,7,91,0,0.832333,1.0,314.836,1
14065,2,11,0,0.422438,0.253387,168.3788,0
58392,6,79,1,0.598692,0.650441,170.7498,0
17467,2,57,0,0.511911,0.254127,206.6837,0
58930,9,152,0,0.436924,0.727233,159.2283,0
13638,1,32,0,0.79077,0.326097,293.8086,0
72742,2,162,0,1.0,0.786373,746.1048,1
50593,1,84,0,1.0,0.701081,1024.8106,1
50929,2,195,1,1.0,0.703277,390.5291,1
75067,9,53,0,0.531227,0.940089,179.3671,0
22316,3,78,0,0.492483,0.400982,167.974,0
35280,8,47,1,0.276698,0.405248,101.1335,0
22016,7,80,0,0.296446,0.283806,101.4749,0
39389,8,29,0,0.360866,0.465022,136.6835,0
33090,4,194,0,0.468847,0.505507,180.2036,0
77931,10,60,0,0.49275,0.863715,181.2231,0
14121,3,87,1,0.36185,0.325373,95.4492,0
51964,6,168,0,0.509652,0.654865,198.8966,0
43293,8,95,0,0.354312,0.538479,128.6239,0
85432,10,44,0,0.484227,0.907068,183.4272,0
42130,10,187,1,0.276618,0.532648,83.1651,0
62884,6,55,0,0.581248,0.745717,222.1422,0
41930,5,198,0,0.484922,0.611517,180.0368,0
75581,4,93,0,0.999414,0.898954,399.0237,1
36839,7,103,1,0.349345,0.490325,84.1753,0
74005,4,161,1,1.0,0.80071,274.3005,1
89453,9,16,0,0.622455,1.0,223.4134,1
92947,4,122,0,1.0,1.0,491.8934,1
90911,2,114,0,1.0,1.0,922.903,1
18342,5,71,0,0.24692,0.282892,89.8869,0
86432,3,193,0,1.0,1.0,602.7938,1
49512,2,124,0,1.0,0.636917,524.0331,1
76415,7,146,0,0.673488,0.917024,253.202,0
71356,1,102,1,1.0,0.808971,1033.5976,1
14435,4,178,0,0.324836,0.296894,100.0129,0
21902,10,21,0,0.253165,0.337389,74.882,0
98755,6,120,1,0.898864,1.0,258.4782,1
1482,2,76,1,0.18167,0.137291,26.9035,0
67035,9,152,1,0.437521,0.797044,142.8404,0
58529,6,110,0,0.539069,0.756684,217.5751,0
89170,10,186,1,0.588444,1.0,136.9364,1
45315,1,133,1,1.0,0.532581,669.6042,1
38822,7,31,1,0.330431,0.537407,92.2976,0
95802,3,99,0,1.0,1.0,657.7831,1
45066,8,62,0,0.418743,0.560308,140.1681,0
45752,8,34,0,0.419747,0.539823,142.0218,0
94733,8,91,1,0.719005,1.0,193.0885,1
39456,1,191,1,1.0,0.469444,564.7854,1
3060,6,175,1,0.132897,0.089367,36.7472,0
88854,3,199,1,1.0,1.0,450.6241,1
67732,3,151,1,1.0,0.843346,345.499,1
43483,9,119,0,0.308596,0.632409,115.4157,0
30489,7,171,1,0.325347,0.419221,80.8462,0
24530,7,111,1,0.30762,0.366521,66.4618,0
96750,10,60,0,0.621454,1.0,206.8096,1
77721,7,109,1,0.70237,0.843109,167.6355,0
92471,4,62,0,1.0,1.0,482.2898,1
98708,2,157,1,1.0,1.0,725.541,1
70471,3,103,0,1.0,0.880569,488.2567,1
25930,8,39,0,0.248003,0.363227,80.4726,0
88010,8,145,0,0.664623,1.0,259.5978,1
78346,7,166,0,0.618294,0.858165,262.7093,0
77039,2,99,0,1.0,0.949051,801.3501,1
60112,10,54,0,0.384922,0.663657,149.0597,0
80641,10,31,1,0.471626,0.897679,140.7017,0
41149,2,71,0,1.0,0.554067,449.0175,1
15428,3,105,1,0.34978,0.282185,104.2234,0
67054,7,117,1,0.625349,0.819607,160.6286,0
75440,7,118,1,0.621007,0.825522,176.548,0
63888,9,187,1,0.474527,0.82595,129.074,0
72833,3,135,0,1.0,0.814612,508.3963,1
18488,3,90,0,0.41689,0.347515,150.8098,0
81287,1,101,1,1.0,0.879061,1176.389,1
63618,3,59,0,1.0,0.73157,449.2249,1
73707,9,177,0,0.557215,0.828824,185.209,0
53726,8,116,0,0.473343,0.720777,150.9127,0
64154,3,31,1,1.0,0.729295,312.2858,1
99853,4,84,1,1.0,1.0,384.1633,1
36125,4,147,0,0.533217,0.416054,206.2186,0
22147,8,154,0,0.211913,0.419141,86.1339,0
72153,9,38,1,0.523191,0.871346,123.731,0
35212,9,103,1,0.287486,0.514394,66.7618,0
99715,8,149,1,0.729415,1.0,193.6769,1
55825,2,198,1,1.0,0.71441,424.1914,1
39121,1,125,0,1.0,0.565843,813.5941,1
45788,2,122,1,1.0,0.577614,353.406,1
31156,4,198,0,0.490941,0.502987,168.1922,0
93259,10,171,0,0.60487,1.0,210.6958,1
21855,10,45,1,0.230319,0.368125,54.665,0
27224,1,155,0,1.0,0.402661,571.6388,1
69867,5,162,1,0.757865,0.896462,211.4581,0
42521,5,84,0,0.54409,0.567684,190.8191,0
67525,2,44,0,1.0,0.812965,704.7839,1
7870,5,177,1,0.15523,0.167845,35.2651,0
92037,3,73,1,1.0,1.0,441.0001,1
93343,6,73,0,0.853767,1.0,338.5188,1
64254,3,157,0,1.0,0.822137,467.368,1
82388,7,106,0,0.700328,0.986717,274.4458,1
9998,2,113,0,0.392643,0.260528,137.0818,0
91156,6,126,0,0.839607,1.0,334.8108,1
42998,10,10,1,0.317799,0.56626,83.3554,0
95904,8,172,0,0.748184,1.0,266.8171,1
8400,9,111,1,0.104077,0.21293,38.9369,0
56414,4,136,0,0.759056,0.686775,302.7776,0
42418,5,96,1,0.479621,0.501699,156.8142,0
74305,8,97,1,0.56862,0.927254,167.4201,0
6121,2,170,0,0.302663,0.23509,81.7382,0
2234,2,50,0,0.117798,0.165878,41.345,0
59936,1,119,1,1.0,0.683768,866.7898,1
90355,3,176,0,1.0,0.954763,626.2212,1
20937,5,33,0,0.321821,0.325445,103.4573,0
32919,2,105,1,0.911653,0.419159,259.1764,0
6887,7,170,0,0.13688,0.188782,57.7449,0
95256,4,119,1,1.0,1.0,359.0316,1
92335,2,10,1,1.0,1.0,675.6887,1
62596,2,43,1,1.0,0.685324,456.3293,1
68184,8,12,1,0.489533,0.752775,144.4881,0
91273,6,40,0,0.865647,1.0,325.9254,1
91068,3,132,1,1.0,0.978757,437.5701,1
30108,7,32,1,0.281319,0.453981,74.9911,0
13626,6,104,0,0.230016,0.264712,61.5466,0
18073,7,44,1,0.217736,0.234757,63.8567,0
9066,9,154,1,0.165161,0.252903,45.4531,0
80095,3,122,0,1.0,0.987595,552.0246,1
94790,4,170,1,1.0,1.0,360.3341,1
54063,10,185,0,0.409229,0.640813,141.4239,0
28574,2,35,1,0.81929,0.356504,238.0409,0
98724,2,160,0,1.0,1.0,1020.8313,1
46176,7,90,1,0.390488,0.595564,114.2448,0
32577,5,175,1,0.422028,0.503057,127.3088,0
32627,9,163,0,0.302484,0.429105,104.4977,0
90602,1,178,0,1.0,1.0,1846.518,1
27028,9,165,1,0.237275,0.419512,63.0083,0
98121,7,85,1,0.785797,1.0,208.8099,1
31470,8,108,1,0.320326,0.400643,79.8978,0
31699,8,173,1,0.306575,0.417033,90.2614,0
69343,1,102,0,1.0,0.810526,1412.5815,1
17399,7,155,0,0.197789,0.283613,85.8284,0
47995,9,184,1,0.33025,0.601403,101.1508,0
61836,2,14,1,1.0,0.71035,471.9643,1
1907,5,65,1,0.139933,0.132994,35.5456,0
8025,7,139,0,0.116726,0.222393,58.0018,0
82488,9,116,0,0.569065,0.979618,203.4978,1
92087,7,31,1,0.763929,1.0,196.8367,1
36468,2,89,1,0.96252,0.476891,269.3218,1
67117,4,49,0,0.902459,0.788933,361.5195,0
51313,10,172,1,0.36698,0.62108,86.3264,0
40754,7,196,1,0.358805,0.569642,95.6885,0
7689,4,32,0,0.173123,0.234954,69.4701,0
15302,8,166,1,0.159694,0.31196,60.6602,0
40639,3,40,1,0.75582,0.486864,200.026,0
92885,3,189,1,1.0,1.0,470.8928,1
21573,8,98,0,0.242319,0.394844,80.5734,0
21984,6,42,0,0.300689,0.417415,102.8918,0
96167,2,17,0,1.0,1.0,976.6807,1
56372,5,144,1,0.705585,0.737825,188.667,0
34565,10,170,1,0.274217,0.457939,84.5269,0
65131,8,140,0,0.502417,0.740294,199.4445,0
7366,8,155,1,0.194079,0.236093,30.5222,0
48293,3,75,1,0.910153,0.656928,263.1606,0
75323,2,68,1,1.0,0.882715,537.9468,1
5872,1,72,1,0.402423,0.224738,99.1637,0
61935,6,108,1,0.644116,0.707666,166.966,0
23556,1,151,0,1.0,0.36846,508.6386,1
29527,6,73,0,0.380773,0.447951,135.6795,0
94509,6,79,1,0.868049,1.0,244.5018,1
75012,6,40,1,0.76395,0.836201,194.4249,0
23607,4,142,1,0.364906,0.430485,120.762,0
52650,2,129,0,1.0,0.691457,552.7524,1
40823,6,32,0,0.479757,0.574007,151.4442,0
1144,6,61,0,0.133325,0.103014,29.9175,0
73999,5,199,1,0.882712,0.876913,242.8401,0
60907,6,161,0,0.597975,0.679514,224.5337,0
25714,9,72,1,0.288363,0.307478,54.3961,0
935,7,16,1,0.107203,0.1115,36.8532,0
71081,6,172,1,0.695204,0.879144,195.0697,0
44011,1,178,0,1.0,0.504809,899.1647,1
96841,5,36,1,1.0,1.0,284.3281,1
69543,4,117,0,0.923948,0.777025,378.1645,0
7950,3,192,0,0.264487,0.212313,64.6677,0
12293,1,69,0,0.690076,0.276745,269.1782,0
91961,6,127,1,0.896661,1.0,233.435,1
76222,2,139,1,1.0,0.948592,547.3535,1
83621,7,29,1,0.690594,0.982753,197.4695,1
57114,3,70,0,1.0,0.758113,418.2367,1
34308,6,110,0,0.42765,0.503854,124.77,0
41788,8,79,1,0.331803,0.528738,99.5588,0
9889,4,44,1,0.27325,0.292633,73.5305,0
20469,2,52,0,0.564178,0.317058,233.8648,0
61186,6,114,1,0.650322,0.747291,155.4831,0
70344,6,63,0,0.722265,0.896869,263.3908,0
40510,8,77,1,0.329455,0.577034,101.7677,0
11951,3,185,0,0.3194,0.174575,107.818,0
92467,10,20,1,0.572774,1.0,161.9501,1
43064,3,33,1,0.854476,0.613972,215.3438,0
46727,7,141,1,0.404332,0.586236,111.9869,0
88859,5,76,1,0.957546,1.0,272.2225,1
4173,7,125,1,0.109094,0.232365,31.812,0
12515,8,36,1,0.153929,0.295069,54.3546,0
16019,1,25,1,0.863894,0.323405,239.1046,0
17233,4,112,0,0.327287,0.25078,97.0083,0
90052,2,159,0,1.0,0.992677,929.8905,1
9928,1,26,1,0.626656,0.248423,175.345,0
84770,8,42,1,0.625216,0.904179,164.5091,0
43556,2,20,0,1.0,0.524952,463.3043,1
6737,3,156,0,0.214739,0.252636,65.9549,0
95052,7,137,1,0.731551,1.0,208.1793,1
50265,7,54,0,0.488574,0.565431,155.9172,0
28243,3,80,0,0.528017,0.335344,212.3752,0
58559,3,18,1,1.0,0.710138,312.4123,1
84940,5,137,0,0.923117,0.927644,361.0266,0
72279,8,25,1,0.539052,0.906799,152.6456,0
36770,7,45,0,0.401871,0.44281,125.4439,0
26243,9,73,1,0.206511,0.35898,55.2923,0
50234,6,132,0,0.498548,0.637751,189.3988,0
45193,10,138,0,0.313135,0.635793,109.0751,0
51005,5,56,1,0.613329,0.585558,169.0356,0
41895,10,66,1,0.286744,0.612138,75.5809,0
36922,1,130,0,1.0,0.457742,765.386,1
76644,4,50,1,1.0,0.918088,278.621,1
32587,4,78,1,0.547767,0.465324,132.8459,0
28858,10,109,0,0.236589,0.431273,84.3721,0
22868,3,70,0,0.46233,0.35565,176.6769,0
96844,6,161,1,0.891606,1.0,259.9752,1
92302,6,155,1,0.874293,0.985603,226.0572,1
73907,4,136,0,0.98061,0.922659,395.7006,1
23110,8,19,1,0.230108,0.365528,73.6928,0
7462,4,164,1,0.146683,0.154151,42.4824,0
2712,9,132,1,0.104452,0.08377,18.6513,0
43581,10,61,1,0.281519,0.617349,93.1537,0
44763,3,92,1,0.878076,0.589785,239.908,0
2972,3,160,1,0.104106,0.178634,36.65,0
14638,9,103,1,0.17424,0.342209,53.4835,0
49067,7,160,1,0.472673,0.568085,126.8076,0
44213,5,92,1,0.582919,0.500979,154.3861,0
20744,7,173,0,0.25237,0.391076,78.6074,0
85189,6,54,0,0.819532,0.945806,303.3342,0
29360,10,54,0,0.200694,0.398052,72.1971,0
40315,5,42,1,0.521038,0.541804,151.6391,0
95629,1,189,0,1.0,1.0,1939.8268,1
74481,1,56,0,1.0,0.931749,1521.9549,1
80234,4,173,1,1.0,0.901339,314.8091,1
65135,3,94,1,1.0,0.801827,328.6257,1
31294,6,91,1,0.402918,0.483537,105.8152,0
83486,2,191,0,1.0,0.957038,859.4656,1
58640,1,77,1,1.0,0.762823,851.0088,1
32807,2,99,0,0.887756,0.47307,353.733,0
14260,1,22,0,0.827295,0.287588,314.9596,0
57538,7,52,0,0.496279,0.644559,202.6054,0
64729,7,99,0,0.579726,0.780851,214.4301,0
13394,8,157,1,0.220749,0.258114,35.9017,0
21419,8,28,1,0.217903,0.404032,71.4341,0
38754,1,91,0,1.0,0.538441,807.2204,1
13826,2,97,1,0.411164,0.245559,110.8197,0
49312,3,197,1,0.927366,0.597696,258.2914,0
71802,2,96,0,1.0,0.778235,733.747,1
92440,1,120,1,1.0,1.0,1315.1511,1
79702,7,50,1,0.650464,0.982624,196.5745,1
13372,6,62,1,0.232588,0.209972,60.0043,0
53745,9,194,0,0.369086,0.637479,145.4851,0
86685,5,86,1,0.927769,0.951334,282.6221,1
12671,1,110,0,0.722921,0.31744,286.7058,0
20231,1,102,1,1.0,0.32198,318.4536,1
56147,2,85,0,1.0,0.741543,595.8221,1
26271,2,16,1,0.768967,0.393982,218.1042,0
22491,5,30,0,0.277999,0.288398,126.0333,0
15239,5,111,0,0.238557,0.339746,73.8283,0
64206,5,33,0,0.714969,0.742147,281.0536,0
24332,6,107,0,0.273579,0.375601,99.4777,0
24555,8,21,0,0.220729,0.35739,78.2306,0
57737,8,77,1,0.445516,0.663469,130.6455,0
35300,10,25,1,0.318202,0.437961,74.9264,0
98696,2,31,0,1.0,1.0,1021.3681,1
71068,7,160,1,0.605231,0.883414,170.7664,0
72661,1,109,0,1.0,0.816789,1466.3723,1
70290,8,156,1,0.515011,0.789085,162.3779,0
62524,5,30,0,0.753373,0.731854,265.2797,0
93725,1,138,1,1.0,1.0,1326.6557,1
15865,8,54,1,0.22935,0.274909,62.9975,0
27872,4,42,1,0.470061,0.348842,115.6072,0
55592,2,184,0,1.0,0.620356,587.5218,1
26565,3,162,0,0.580767,0.3861,214.703,0
42010,2,32,0,1.0,0.500313,440.3973,1
73023,7,151,0,0.61869,0.860224,237.9917,0
36302,9,127,1,0.278022,0.522347,96.195,0
91904,10,160,0,0.528581,1.0,195.5151,1
14848,7,48,1,0.23707,0.344957,60.6597,0
74364,10,159,1,0.515565,0.929636,125.5341,0
13945,10,35,0,0.159516,0.309205,41.7748,0
